INSERT INTO custom_field (id, name, name_for_admin, type, required, searchable, sort, unit) VALUES (1, 'Brand', 'cars, trucks', 'select', 1, 1, 101, null);
INSERT INTO custom_field (id, name, name_for_admin, type, required, searchable, sort, unit) VALUES (2, 'Mileage', null, 'integer_range', 0, 1, 103, null);
INSERT INTO custom_field (id, name, name_for_admin, type, required, searchable, sort, unit) VALUES (3, 'Feature', null, 'checkbox_multiple', 0, 1, 104, null);
INSERT INTO custom_field (id, name, name_for_admin, type, required, searchable, sort, unit) VALUES (4, 'Fuel', null, 'select_single', 1, 1, 105, null);
INSERT INTO custom_field (id, name, name_for_admin, type, required, searchable, sort, unit) VALUES (5, 'Year', null, 'year_range', 1, 1, 106, null);
INSERT INTO custom_field (id, name, name_for_admin, type, required, searchable, sort, unit) VALUES (6, 'Transaction type', null, 'select_single', 1, 1, 108, null);
INSERT INTO custom_field (id, name, name_for_admin, type, required, searchable, sort, unit) VALUES (7, 'Transmission', null, 'select_single', 0, 1, 109, null);
INSERT INTO custom_field (id, name, name_for_admin, type, required, searchable, sort, unit) VALUES (8, 'Service Type', 'Automotive -> Service', 'select_single', 1, 1, 107, null);
INSERT INTO custom_field (id, name, name_for_admin, type, required, searchable, sort, unit) VALUES (9, 'Brand', 'motorbikes, scooters', 'select', 1, 1, 102, null);
INSERT INTO custom_field (id, name, name_for_admin, type, required, searchable, sort, unit) VALUES (10, 'Job title', 'in jobs', 'select', 1, 1, 125, null);
INSERT INTO custom_field (id, name, name_for_admin, type, required, searchable, sort, unit) VALUES (11, 'Seller Type', 'in real estates', 'select_single', 1, 1, 124, null);
INSERT INTO custom_field (id, name, name_for_admin, type, required, searchable, sort, unit) VALUES (12, 'Number of bedrooms', null, 'integer_range', 1, 1, 123, null);
INSERT INTO custom_field (id, name, name_for_admin, type, required, searchable, sort, unit) VALUES (13, 'Trade', 'in construction', 'select_single', 1, 1, 122, null);
INSERT INTO custom_field (id, name, name_for_admin, type, required, searchable, sort, unit) VALUES (14, 'Material', 'in construction', 'select_single', 1, 1, 121, null);
INSERT INTO custom_field (id, name, name_for_admin, type, required, searchable, sort, unit) VALUES (15, 'Type', 'in construction machines and devices', 'select_single', 1, 1, 120, null);
INSERT INTO custom_field (id, name, name_for_admin, type, required, searchable, sort, unit) VALUES (16, 'State', 'new, used, damaged', 'select_single', 0, 1, 119, null);
INSERT INTO custom_field (id, name, name_for_admin, type, required, searchable, sort, unit) VALUES (17, 'Furniture type', null, 'select_single', 1, 1, 118, null);
INSERT INTO custom_field (id, name, name_for_admin, type, required, searchable, sort, unit) VALUES (18, 'House items', 'in house', 'select_single', 1, 1, 117, null);
INSERT INTO custom_field (id, name, name_for_admin, type, required, searchable, sort, unit) VALUES (19, 'Pet type', null, 'select_single', 0, 0, 116, null);
INSERT INTO custom_field (id, name, name_for_admin, type, required, searchable, sort, unit) VALUES (20, 'Type', 'for Bicycles', 'select_single', 0, 0, 115, null);
INSERT INTO custom_field (id, name, name_for_admin, type, required, searchable, sort, unit) VALUES (21, 'Type', 'of clothing', 'select', 1, 1, 114, null);
INSERT INTO custom_field (id, name, name_for_admin, type, required, searchable, sort, unit) VALUES (22, 'Type', 'of Footwear', 'select_single', 1, 1, 113, null);
INSERT INTO custom_field (id, name, name_for_admin, type, required, searchable, sort, unit) VALUES (23, 'Type', 'of small appliance in home electronics', 'select', 1, 1, 112, null);
INSERT INTO custom_field (id, name, name_for_admin, type, required, searchable, sort, unit) VALUES (24, 'Type', 'of computer', 'select_single', 1, 1, 111, null);
INSERT INTO custom_field (id, name, name_for_admin, type, required, searchable, sort, unit) VALUES (25, 'Platform', 'of Consoles', 'select_single', 1, 1, 110, null);
INSERT INTO custom_field_join_category (id, custom_field_id, category_id, sort) VALUES (1, 1, 2, 101);
INSERT INTO custom_field_join_category (id, custom_field_id, category_id, sort) VALUES (2, 1, 3, 106);
INSERT INTO custom_field_join_category (id, custom_field_id, category_id, sort) VALUES (3, 2, 2, 102);
INSERT INTO custom_field_join_category (id, custom_field_id, category_id, sort) VALUES (5, 2, 3, 107);
INSERT INTO custom_field_join_category (id, custom_field_id, category_id, sort) VALUES (6, 3, 3, 108);
INSERT INTO custom_field_join_category (id, custom_field_id, category_id, sort) VALUES (7, 4, 2, 103);
INSERT INTO custom_field_join_category (id, custom_field_id, category_id, sort) VALUES (8, 4, 3, 109);
INSERT INTO custom_field_join_category (id, custom_field_id, category_id, sort) VALUES (9, 5, 2, 104);
INSERT INTO custom_field_join_category (id, custom_field_id, category_id, sort) VALUES (10, 5, 3, 110);
INSERT INTO custom_field_join_category (id, custom_field_id, category_id, sort) VALUES (14, 6, 25, 145);
INSERT INTO custom_field_join_category (id, custom_field_id, category_id, sort) VALUES (15, 7, 2, 105);
INSERT INTO custom_field_join_category (id, custom_field_id, category_id, sort) VALUES (16, 7, 3, 111);
INSERT INTO custom_field_join_category (id, custom_field_id, category_id, sort) VALUES (17, 7, 8, 118);
INSERT INTO custom_field_join_category (id, custom_field_id, category_id, sort) VALUES (18, 7, 10, 121);
INSERT INTO custom_field_join_category (id, custom_field_id, category_id, sort) VALUES (19, 7, 11, 123);
INSERT INTO custom_field_join_category (id, custom_field_id, category_id, sort) VALUES (20, 2, 4, 112);
INSERT INTO custom_field_join_category (id, custom_field_id, category_id, sort) VALUES (21, 2, 7, 116);
INSERT INTO custom_field_join_category (id, custom_field_id, category_id, sort) VALUES (22, 2, 8, 119);
INSERT INTO custom_field_join_category (id, custom_field_id, category_id, sort) VALUES (23, 2, 9, 120);
INSERT INTO custom_field_join_category (id, custom_field_id, category_id, sort) VALUES (24, 2, 10, 122);
INSERT INTO custom_field_join_category (id, custom_field_id, category_id, sort) VALUES (25, 2, 11, 124);
INSERT INTO custom_field_join_category (id, custom_field_id, category_id, sort) VALUES (26, 1, 5, 114);
INSERT INTO custom_field_join_category (id, custom_field_id, category_id, sort) VALUES (27, 8, 6, 115);
INSERT INTO custom_field_join_category (id, custom_field_id, category_id, sort) VALUES (28, 9, 4, 113);
INSERT INTO custom_field_join_category (id, custom_field_id, category_id, sort) VALUES (29, 9, 7, 117);
INSERT INTO custom_field_join_category (id, custom_field_id, category_id, sort) VALUES (30, 10, 12, 125);
INSERT INTO custom_field_join_category (id, custom_field_id, category_id, sort) VALUES (31, 10, 13, 126);
INSERT INTO custom_field_join_category (id, custom_field_id, category_id, sort) VALUES (32, 10, 14, 127);
INSERT INTO custom_field_join_category (id, custom_field_id, category_id, sort) VALUES (33, 10, 16, 128);
INSERT INTO custom_field_join_category (id, custom_field_id, category_id, sort) VALUES (34, 11, 17, 129);
INSERT INTO custom_field_join_category (id, custom_field_id, category_id, sort) VALUES (35, 11, 18, 130);
INSERT INTO custom_field_join_category (id, custom_field_id, category_id, sort) VALUES (36, 11, 19, 133);
INSERT INTO custom_field_join_category (id, custom_field_id, category_id, sort) VALUES (37, 11, 20, 136);
INSERT INTO custom_field_join_category (id, custom_field_id, category_id, sort) VALUES (38, 11, 21, 138);
INSERT INTO custom_field_join_category (id, custom_field_id, category_id, sort) VALUES (39, 11, 22, 140);
INSERT INTO custom_field_join_category (id, custom_field_id, category_id, sort) VALUES (40, 11, 23, 142);
INSERT INTO custom_field_join_category (id, custom_field_id, category_id, sort) VALUES (41, 11, 24, 144);
INSERT INTO custom_field_join_category (id, custom_field_id, category_id, sort) VALUES (42, 11, 25, 146);
INSERT INTO custom_field_join_category (id, custom_field_id, category_id, sort) VALUES (43, 12, 18, 131);
INSERT INTO custom_field_join_category (id, custom_field_id, category_id, sort) VALUES (44, 12, 19, 134);
INSERT INTO custom_field_join_category (id, custom_field_id, category_id, sort) VALUES (45, 12, 23, 143);
INSERT INTO custom_field_join_category (id, custom_field_id, category_id, sort) VALUES (46, 6, 18, 132);
INSERT INTO custom_field_join_category (id, custom_field_id, category_id, sort) VALUES (47, 6, 19, 135);
INSERT INTO custom_field_join_category (id, custom_field_id, category_id, sort) VALUES (48, 6, 20, 137);
INSERT INTO custom_field_join_category (id, custom_field_id, category_id, sort) VALUES (49, 6, 21, 139);
INSERT INTO custom_field_join_category (id, custom_field_id, category_id, sort) VALUES (50, 6, 22, 141);
INSERT INTO custom_field_join_category (id, custom_field_id, category_id, sort) VALUES (51, 13, 26, 147);
INSERT INTO custom_field_join_category (id, custom_field_id, category_id, sort) VALUES (52, 13, 27, 148);
INSERT INTO custom_field_join_category (id, custom_field_id, category_id, sort) VALUES (53, 14, 30, 149);
INSERT INTO custom_field_join_category (id, custom_field_id, category_id, sort) VALUES (54, 15, 31, 150);
INSERT INTO custom_field_join_category (id, custom_field_id, category_id, sort) VALUES (55, 16, 32, 151);
INSERT INTO custom_field_join_category (id, custom_field_id, category_id, sort) VALUES (56, 16, 33, 153);
INSERT INTO custom_field_join_category (id, custom_field_id, category_id, sort) VALUES (57, 16, 34, 155);
INSERT INTO custom_field_join_category (id, custom_field_id, category_id, sort) VALUES (58, 16, 37, 157);
INSERT INTO custom_field_join_category (id, custom_field_id, category_id, sort) VALUES (59, 16, 38, 158);
INSERT INTO custom_field_join_category (id, custom_field_id, category_id, sort) VALUES (60, 16, 39, 159);
INSERT INTO custom_field_join_category (id, custom_field_id, category_id, sort) VALUES (61, 16, 40, 160);
INSERT INTO custom_field_join_category (id, custom_field_id, category_id, sort) VALUES (62, 16, 107, 205);
INSERT INTO custom_field_join_category (id, custom_field_id, category_id, sort) VALUES (63, 16, 108, 206);
INSERT INTO custom_field_join_category (id, custom_field_id, category_id, sort) VALUES (64, 16, 109, 207);
INSERT INTO custom_field_join_category (id, custom_field_id, category_id, sort) VALUES (65, 16, 110, 208);
INSERT INTO custom_field_join_category (id, custom_field_id, category_id, sort) VALUES (66, 16, 111, 210);
INSERT INTO custom_field_join_category (id, custom_field_id, category_id, sort) VALUES (67, 16, 112, 211);
INSERT INTO custom_field_join_category (id, custom_field_id, category_id, sort) VALUES (68, 16, 113, 212);
INSERT INTO custom_field_join_category (id, custom_field_id, category_id, sort) VALUES (69, 16, 114, 213);
INSERT INTO custom_field_join_category (id, custom_field_id, category_id, sort) VALUES (70, 16, 115, 214);
INSERT INTO custom_field_join_category (id, custom_field_id, category_id, sort) VALUES (71, 16, 116, 215);
INSERT INTO custom_field_join_category (id, custom_field_id, category_id, sort) VALUES (72, 16, 117, 216);
INSERT INTO custom_field_join_category (id, custom_field_id, category_id, sort) VALUES (73, 16, 118, 217);
INSERT INTO custom_field_join_category (id, custom_field_id, category_id, sort) VALUES (74, 16, 121, 218);
INSERT INTO custom_field_join_category (id, custom_field_id, category_id, sort) VALUES (75, 16, 127, 219);
INSERT INTO custom_field_join_category (id, custom_field_id, category_id, sort) VALUES (76, 16, 128, 220);
INSERT INTO custom_field_join_category (id, custom_field_id, category_id, sort) VALUES (77, 16, 129, 221);
INSERT INTO custom_field_join_category (id, custom_field_id, category_id, sort) VALUES (78, 16, 130, 222);
INSERT INTO custom_field_join_category (id, custom_field_id, category_id, sort) VALUES (79, 16, 131, 223);
INSERT INTO custom_field_join_category (id, custom_field_id, category_id, sort) VALUES (80, 16, 132, 224);
INSERT INTO custom_field_join_category (id, custom_field_id, category_id, sort) VALUES (81, 16, 133, 225);
INSERT INTO custom_field_join_category (id, custom_field_id, category_id, sort) VALUES (82, 16, 134, 226);
INSERT INTO custom_field_join_category (id, custom_field_id, category_id, sort) VALUES (83, 16, 82, 182);
INSERT INTO custom_field_join_category (id, custom_field_id, category_id, sort) VALUES (84, 16, 83, 184);
INSERT INTO custom_field_join_category (id, custom_field_id, category_id, sort) VALUES (85, 16, 84, 186);
INSERT INTO custom_field_join_category (id, custom_field_id, category_id, sort) VALUES (86, 16, 85, 188);
INSERT INTO custom_field_join_category (id, custom_field_id, category_id, sort) VALUES (87, 16, 86, 190);
INSERT INTO custom_field_join_category (id, custom_field_id, category_id, sort) VALUES (88, 16, 87, 192);
INSERT INTO custom_field_join_category (id, custom_field_id, category_id, sort) VALUES (89, 16, 88, 194);
INSERT INTO custom_field_join_category (id, custom_field_id, category_id, sort) VALUES (90, 16, 89, 196);
INSERT INTO custom_field_join_category (id, custom_field_id, category_id, sort) VALUES (91, 16, 98, 197);
INSERT INTO custom_field_join_category (id, custom_field_id, category_id, sort) VALUES (92, 16, 99, 198);
INSERT INTO custom_field_join_category (id, custom_field_id, category_id, sort) VALUES (93, 16, 100, 199);
INSERT INTO custom_field_join_category (id, custom_field_id, category_id, sort) VALUES (94, 16, 101, 200);
INSERT INTO custom_field_join_category (id, custom_field_id, category_id, sort) VALUES (95, 16, 102, 201);
INSERT INTO custom_field_join_category (id, custom_field_id, category_id, sort) VALUES (96, 16, 103, 202);
INSERT INTO custom_field_join_category (id, custom_field_id, category_id, sort) VALUES (97, 16, 105, 203);
INSERT INTO custom_field_join_category (id, custom_field_id, category_id, sort) VALUES (98, 16, 106, 204);
INSERT INTO custom_field_join_category (id, custom_field_id, category_id, sort) VALUES (99, 16, 61, 161);
INSERT INTO custom_field_join_category (id, custom_field_id, category_id, sort) VALUES (100, 16, 62, 162);
INSERT INTO custom_field_join_category (id, custom_field_id, category_id, sort) VALUES (101, 16, 63, 164);
INSERT INTO custom_field_join_category (id, custom_field_id, category_id, sort) VALUES (102, 16, 64, 165);
INSERT INTO custom_field_join_category (id, custom_field_id, category_id, sort) VALUES (103, 16, 65, 166);
INSERT INTO custom_field_join_category (id, custom_field_id, category_id, sort) VALUES (104, 16, 66, 167);
INSERT INTO custom_field_join_category (id, custom_field_id, category_id, sort) VALUES (105, 16, 67, 168);
INSERT INTO custom_field_join_category (id, custom_field_id, category_id, sort) VALUES (106, 16, 68, 169);
INSERT INTO custom_field_join_category (id, custom_field_id, category_id, sort) VALUES (107, 16, 69, 170);
INSERT INTO custom_field_join_category (id, custom_field_id, category_id, sort) VALUES (108, 16, 70, 171);
INSERT INTO custom_field_join_category (id, custom_field_id, category_id, sort) VALUES (109, 16, 73, 172);
INSERT INTO custom_field_join_category (id, custom_field_id, category_id, sort) VALUES (110, 16, 74, 173);
INSERT INTO custom_field_join_category (id, custom_field_id, category_id, sort) VALUES (111, 16, 75, 174);
INSERT INTO custom_field_join_category (id, custom_field_id, category_id, sort) VALUES (112, 16, 76, 176);
INSERT INTO custom_field_join_category (id, custom_field_id, category_id, sort) VALUES (113, 16, 77, 178);
INSERT INTO custom_field_join_category (id, custom_field_id, category_id, sort) VALUES (114, 16, 78, 179);
INSERT INTO custom_field_join_category (id, custom_field_id, category_id, sort) VALUES (115, 16, 79, 180);
INSERT INTO custom_field_join_category (id, custom_field_id, category_id, sort) VALUES (116, 16, 80, 181);
INSERT INTO custom_field_join_category (id, custom_field_id, category_id, sort) VALUES (117, 17, 32, 152);
INSERT INTO custom_field_join_category (id, custom_field_id, category_id, sort) VALUES (118, 17, 33, 154);
INSERT INTO custom_field_join_category (id, custom_field_id, category_id, sort) VALUES (119, 19, 35, 156);
INSERT INTO custom_field_join_category (id, custom_field_id, category_id, sort) VALUES (120, 20, 62, 163);
INSERT INTO custom_field_join_category (id, custom_field_id, category_id, sort) VALUES (121, 21, 82, 183);
INSERT INTO custom_field_join_category (id, custom_field_id, category_id, sort) VALUES (122, 21, 83, 185);
INSERT INTO custom_field_join_category (id, custom_field_id, category_id, sort) VALUES (123, 21, 85, 189);
INSERT INTO custom_field_join_category (id, custom_field_id, category_id, sort) VALUES (124, 21, 87, 193);
INSERT INTO custom_field_join_category (id, custom_field_id, category_id, sort) VALUES (125, 22, 84, 187);
INSERT INTO custom_field_join_category (id, custom_field_id, category_id, sort) VALUES (126, 22, 86, 191);
INSERT INTO custom_field_join_category (id, custom_field_id, category_id, sort) VALUES (127, 22, 88, 195);
INSERT INTO custom_field_join_category (id, custom_field_id, category_id, sort) VALUES (128, 23, 110, 209);
INSERT INTO custom_field_join_category (id, custom_field_id, category_id, sort) VALUES (129, 24, 75, 175);
INSERT INTO custom_field_join_category (id, custom_field_id, category_id, sort) VALUES (130, 25, 76, 177);
INSERT INTO custom_field_option (id, custom_field_id, name, value, sort) VALUES (1, 1, 'Other', 'other', 116);
INSERT INTO custom_field_option (id, custom_field_id, name, value, sort) VALUES (2, 1, 'Audi', 'audi', 101);
INSERT INTO custom_field_option (id, custom_field_id, name, value, sort) VALUES (3, 1, 'BWM', 'bmw', 102);
INSERT INTO custom_field_option (id, custom_field_id, name, value, sort) VALUES (4, 1, 'Fiat', 'fiat', 103);
INSERT INTO custom_field_option (id, custom_field_id, name, value, sort) VALUES (5, 1, 'Ford', 'ford', 104);
INSERT INTO custom_field_option (id, custom_field_id, name, value, sort) VALUES (6, 1, 'Hyundai', 'hyundai', 105);
INSERT INTO custom_field_option (id, custom_field_id, name, value, sort) VALUES (7, 1, 'Honda', 'honda', 106);
INSERT INTO custom_field_option (id, custom_field_id, name, value, sort) VALUES (8, 1, 'Kia', 'kia', 107);
INSERT INTO custom_field_option (id, custom_field_id, name, value, sort) VALUES (9, 1, 'Mercedes', 'mercedes', 108);
INSERT INTO custom_field_option (id, custom_field_id, name, value, sort) VALUES (10, 1, 'Mazda', 'mazda', 109);
INSERT INTO custom_field_option (id, custom_field_id, name, value, sort) VALUES (11, 1, 'Opel', 'opel', 110);
INSERT INTO custom_field_option (id, custom_field_id, name, value, sort) VALUES (12, 1, 'Peugeot', 'peugeot', 111);
INSERT INTO custom_field_option (id, custom_field_id, name, value, sort) VALUES (13, 1, 'Renault', 'renault', 112);
INSERT INTO custom_field_option (id, custom_field_id, name, value, sort) VALUES (14, 1, 'Skoda', 'skoda', 113);
INSERT INTO custom_field_option (id, custom_field_id, name, value, sort) VALUES (15, 1, 'Toyota', 'toyota', 114);
INSERT INTO custom_field_option (id, custom_field_id, name, value, sort) VALUES (16, 1, 'VW', 'VW', 115);
INSERT INTO custom_field_option (id, custom_field_id, name, value, sort) VALUES (17, 3, 'Power steering', 'power-steering', 117);
INSERT INTO custom_field_option (id, custom_field_id, name, value, sort) VALUES (18, 3, 'Automatic Transmission', 'automatic-transmission', 118);
INSERT INTO custom_field_option (id, custom_field_id, name, value, sort) VALUES (19, 3, 'Air conditioning', 'air-conditioning', 119);
INSERT INTO custom_field_option (id, custom_field_id, name, value, sort) VALUES (20, 3, 'ABS', 'abs', 120);
INSERT INTO custom_field_option (id, custom_field_id, name, value, sort) VALUES (21, 3, 'ESP', 'esp', 121);
INSERT INTO custom_field_option (id, custom_field_id, name, value, sort) VALUES (22, 3, 'Electric windows', 'electric-windows', 122);
INSERT INTO custom_field_option (id, custom_field_id, name, value, sort) VALUES (23, 4, 'Petrol', 'petrol', 123);
INSERT INTO custom_field_option (id, custom_field_id, name, value, sort) VALUES (24, 4, 'Diesel', 'diesel', 124);
INSERT INTO custom_field_option (id, custom_field_id, name, value, sort) VALUES (25, 4, 'LPG', 'lpg', 125);
INSERT INTO custom_field_option (id, custom_field_id, name, value, sort) VALUES (26, 7, 'Automatic', 'automatic', 129);
INSERT INTO custom_field_option (id, custom_field_id, name, value, sort) VALUES (27, 7, 'Manual', 'manual', 130);
INSERT INTO custom_field_option (id, custom_field_id, name, value, sort) VALUES (28, 4, 'Hybrid', 'hybrid', 126);
INSERT INTO custom_field_option (id, custom_field_id, name, value, sort) VALUES (29, 8, 'Car Servicing and Repair', 'servicing-repair', 131);
INSERT INTO custom_field_option (id, custom_field_id, name, value, sort) VALUES (30, 8, 'Vehicle Recovery', 'vehicle-recovery', 132);
INSERT INTO custom_field_option (id, custom_field_id, name, value, sort) VALUES (31, 8, 'Body Repair', 'body-repair', 133);
INSERT INTO custom_field_option (id, custom_field_id, name, value, sort) VALUES (32, 8, 'Other Motoring Services', 'other', 134);
INSERT INTO custom_field_option (id, custom_field_id, name, value, sort) VALUES (33, 9, 'OTHER', 'other', 135);
INSERT INTO custom_field_option (id, custom_field_id, name, value, sort) VALUES (34, 9, 'Aprilia', 'aprilia', 136);
INSERT INTO custom_field_option (id, custom_field_id, name, value, sort) VALUES (35, 9, 'BMW', 'bmw', 137);
INSERT INTO custom_field_option (id, custom_field_id, name, value, sort) VALUES (36, 9, 'Ducati', 'ducati', 138);
INSERT INTO custom_field_option (id, custom_field_id, name, value, sort) VALUES (37, 9, 'Harley-Davidson', 'harley-davidson', 139);
INSERT INTO custom_field_option (id, custom_field_id, name, value, sort) VALUES (38, 9, 'Honda', 'honda', 140);
INSERT INTO custom_field_option (id, custom_field_id, name, value, sort) VALUES (39, 9, 'Kawasaki', 'kawasaki', 141);
INSERT INTO custom_field_option (id, custom_field_id, name, value, sort) VALUES (40, 9, 'Piaggio', 'piaggio', 142);
INSERT INTO custom_field_option (id, custom_field_id, name, value, sort) VALUES (41, 9, 'Suzuki', 'suzuki', 143);
INSERT INTO custom_field_option (id, custom_field_id, name, value, sort) VALUES (42, 9, 'Yamaha', 'yamaha', 144);
INSERT INTO custom_field_option (id, custom_field_id, name, value, sort) VALUES (43, 10, 'Assistant', 'assistant', 146);
INSERT INTO custom_field_option (id, custom_field_id, name, value, sort) VALUES (44, 10, 'Driver', 'driver', 151);
INSERT INTO custom_field_option (id, custom_field_id, name, value, sort) VALUES (45, 10, 'Labourer', 'labourer', 154);
INSERT INTO custom_field_option (id, custom_field_id, name, value, sort) VALUES (46, 10, 'Manager', 'manager', 155);
INSERT INTO custom_field_option (id, custom_field_id, name, value, sort) VALUES (47, 10, 'No experience', 'no-experience', 156);
INSERT INTO custom_field_option (id, custom_field_id, name, value, sort) VALUES (48, 10, 'Cleaner', 'cleaner', 149);
INSERT INTO custom_field_option (id, custom_field_id, name, value, sort) VALUES (49, 10, 'Sales', 'sales', 158);
INSERT INTO custom_field_option (id, custom_field_id, name, value, sort) VALUES (50, 10, 'Other', 'other', 145);
INSERT INTO custom_field_option (id, custom_field_id, name, value, sort) VALUES (51, 10, 'Waiter', 'waiter', 160);
INSERT INTO custom_field_option (id, custom_field_id, name, value, sort) VALUES (52, 10, 'Kitchen worker', 'kitchen', 153);
INSERT INTO custom_field_option (id, custom_field_id, name, value, sort) VALUES (53, 10, 'IT', 'it-worker', 152);
INSERT INTO custom_field_option (id, custom_field_id, name, value, sort) VALUES (54, 10, 'Warehouse worker', 'warehouse-worker', 161);
INSERT INTO custom_field_option (id, custom_field_id, name, value, sort) VALUES (55, 10, 'Receptionist', 'receptionist', 157);
INSERT INTO custom_field_option (id, custom_field_id, name, value, sort) VALUES (56, 10, 'Bar staff', 'bar-staff', 147);
INSERT INTO custom_field_option (id, custom_field_id, name, value, sort) VALUES (57, 10, 'Construction worker', 'construction-worker', 150);
INSERT INTO custom_field_option (id, custom_field_id, name, value, sort) VALUES (58, 10, 'Cashier', 'cashier', 148);
INSERT INTO custom_field_option (id, custom_field_id, name, value, sort) VALUES (59, 10, 'Security guard', 'security-guard', 159);
INSERT INTO custom_field_option (id, custom_field_id, name, value, sort) VALUES (60, 11, 'Agency', 'agency', 162);
INSERT INTO custom_field_option (id, custom_field_id, name, value, sort) VALUES (61, 11, 'Private', 'private', 163);
INSERT INTO custom_field_option (id, custom_field_id, name, value, sort) VALUES (62, 6, 'For Sale', 'sale', 127);
INSERT INTO custom_field_option (id, custom_field_id, name, value, sort) VALUES (63, 6, 'To rent', 'rent', 128);
INSERT INTO custom_field_option (id, custom_field_id, name, value, sort) VALUES (64, 13, 'Painting', 'painting', 164);
INSERT INTO custom_field_option (id, custom_field_id, name, value, sort) VALUES (65, 13, 'Plumbing', 'plumbing', 165);
INSERT INTO custom_field_option (id, custom_field_id, name, value, sort) VALUES (66, 13, 'Builders', 'builders', 166);
INSERT INTO custom_field_option (id, custom_field_id, name, value, sort) VALUES (67, 13, 'Handymen', 'handymen', 167);
INSERT INTO custom_field_option (id, custom_field_id, name, value, sort) VALUES (68, 13, 'Electricians', 'electricians', 168);
INSERT INTO custom_field_option (id, custom_field_id, name, value, sort) VALUES (69, 13, 'Plasterers', 'plasterers', 169);
INSERT INTO custom_field_option (id, custom_field_id, name, value, sort) VALUES (70, 13, 'Carpentry and Joiners', 'carpentry-and-joiners', 170);
INSERT INTO custom_field_option (id, custom_field_id, name, value, sort) VALUES (71, 13, 'Bathroom Fitters', 'bathroom-fitters', 171);
INSERT INTO custom_field_option (id, custom_field_id, name, value, sort) VALUES (72, 13, 'Groundworkers', 'groundworkers', 172);
INSERT INTO custom_field_option (id, custom_field_id, name, value, sort) VALUES (73, 13, 'Bricklayers', 'bricklayers', 173);
INSERT INTO custom_field_option (id, custom_field_id, name, value, sort) VALUES (74, 13, 'Architect', 'architect', 174);
INSERT INTO custom_field_option (id, custom_field_id, name, value, sort) VALUES (75, 13, 'Pest and Vermin Control', 'pest-and-vermin-control', 175);
INSERT INTO custom_field_option (id, custom_field_id, name, value, sort) VALUES (76, 13, 'Furniture Assemblers', 'furniture-assemblers', 176);
INSERT INTO custom_field_option (id, custom_field_id, name, value, sort) VALUES (77, 13, 'Kitchen Fitters', 'kitchen-fitters', 177);
INSERT INTO custom_field_option (id, custom_field_id, name, value, sort) VALUES (78, 13, 'Locksmiths', 'locksmiths', 178);
INSERT INTO custom_field_option (id, custom_field_id, name, value, sort) VALUES (79, 13, 'Scaffolding', 'scaffolding', 179);
INSERT INTO custom_field_option (id, custom_field_id, name, value, sort) VALUES (80, 13, 'Windows and Doors', 'windows-and-doors', 180);
INSERT INTO custom_field_option (id, custom_field_id, name, value, sort) VALUES (81, 13, 'Paving and Driveway', 'paving-and-driveway', 181);
INSERT INTO custom_field_option (id, custom_field_id, name, value, sort) VALUES (82, 13, 'Airconditioning and Heating', 'airconditioning-and-heating', 182);
INSERT INTO custom_field_option (id, custom_field_id, name, value, sort) VALUES (83, 13, 'Fencing Contractors', 'fencing-contractors', 183);
INSERT INTO custom_field_option (id, custom_field_id, name, value, sort) VALUES (84, 13, 'Skip Hire', 'skip-hire', 184);
INSERT INTO custom_field_option (id, custom_field_id, name, value, sort) VALUES (85, 13, 'Glaziers', 'glaziers', 185);
INSERT INTO custom_field_option (id, custom_field_id, name, value, sort) VALUES (86, 13, 'Chimney Sweeps', 'chimney-sweeps', 186);
INSERT INTO custom_field_option (id, custom_field_id, name, value, sort) VALUES (87, 13, 'Stonemasons', 'stonemasons', 187);
INSERT INTO custom_field_option (id, custom_field_id, name, value, sort) VALUES (88, 13, 'Blacksmiths', 'blacksmiths', 188);
INSERT INTO custom_field_option (id, custom_field_id, name, value, sort) VALUES (89, 14, 'Other', 'other', 189);
INSERT INTO custom_field_option (id, custom_field_id, name, value, sort) VALUES (90, 14, 'Sand', 'sand', 192);
INSERT INTO custom_field_option (id, custom_field_id, name, value, sort) VALUES (91, 14, 'Rocks and Gravel', 'rocks', 191);
INSERT INTO custom_field_option (id, custom_field_id, name, value, sort) VALUES (92, 14, 'Wood and Timber', 'wood-timber', 193);
INSERT INTO custom_field_option (id, custom_field_id, name, value, sort) VALUES (93, 14, 'Concrete and Cement', 'concrete-cement', 190);
INSERT INTO custom_field_option (id, custom_field_id, name, value, sort) VALUES (94, 15, 'Scaffolding', 'scaffolding', 203);
INSERT INTO custom_field_option (id, custom_field_id, name, value, sort) VALUES (95, 15, 'Power tools', 'power-tools', 202);
INSERT INTO custom_field_option (id, custom_field_id, name, value, sort) VALUES (97, 14, 'Windows', 'windows', 194);
INSERT INTO custom_field_option (id, custom_field_id, name, value, sort) VALUES (98, 14, 'Doors', 'doors', 195);
INSERT INTO custom_field_option (id, custom_field_id, name, value, sort) VALUES (99, 14, 'Paving', 'paving', 196);
INSERT INTO custom_field_option (id, custom_field_id, name, value, sort) VALUES (100, 14, 'Bricks and Blocks', 'bricks-blocks', 197);
INSERT INTO custom_field_option (id, custom_field_id, name, value, sort) VALUES (101, 14, 'Tiles', 'tiles', 198);
INSERT INTO custom_field_option (id, custom_field_id, name, value, sort) VALUES (102, 14, 'Soil', 'soil', 199);
INSERT INTO custom_field_option (id, custom_field_id, name, value, sort) VALUES (103, 14, 'Tinware', 'tinware', 200);
INSERT INTO custom_field_option (id, custom_field_id, name, value, sort) VALUES (104, 15, 'Other', 'other', 201);
INSERT INTO custom_field_option (id, custom_field_id, name, value, sort) VALUES (105, 16, 'New', 'new', 204);
INSERT INTO custom_field_option (id, custom_field_id, name, value, sort) VALUES (106, 16, 'Used', 'used', 205);
INSERT INTO custom_field_option (id, custom_field_id, name, value, sort) VALUES (107, 16, 'Damaged', 'damaged', 206);
INSERT INTO custom_field_option (id, custom_field_id, name, value, sort) VALUES (108, 17, 'Closet', 'closet', 207);
INSERT INTO custom_field_option (id, custom_field_id, name, value, sort) VALUES (109, 17, 'Desk', 'desk', 208);
INSERT INTO custom_field_option (id, custom_field_id, name, value, sort) VALUES (110, 17, 'Table', 'table', 209);
INSERT INTO custom_field_option (id, custom_field_id, name, value, sort) VALUES (111, 17, 'Wall unit', 'wall-unit', 210);
INSERT INTO custom_field_option (id, custom_field_id, name, value, sort) VALUES (112, 17, 'Couch', 'couch', 211);
INSERT INTO custom_field_option (id, custom_field_id, name, value, sort) VALUES (113, 17, 'Chair', 'chair', 212);
INSERT INTO custom_field_option (id, custom_field_id, name, value, sort) VALUES (114, 17, 'Cabinet', 'cabinet', 213);
INSERT INTO custom_field_option (id, custom_field_id, name, value, sort) VALUES (115, 18, 'Carpet', 'carpet', 215);
INSERT INTO custom_field_option (id, custom_field_id, name, value, sort) VALUES (116, 18, 'Decorative', 'decorative', 216);
INSERT INTO custom_field_option (id, custom_field_id, name, value, sort) VALUES (117, 18, 'Lamp', 'lamp', 217);
INSERT INTO custom_field_option (id, custom_field_id, name, value, sort) VALUES (118, 18, 'Chandelier', 'chandelier', 218);
INSERT INTO custom_field_option (id, custom_field_id, name, value, sort) VALUES (119, 18, 'Paintings', 'paintings', 219);
INSERT INTO custom_field_option (id, custom_field_id, name, value, sort) VALUES (120, 18, 'Curtains', 'curtains', 220);
INSERT INTO custom_field_option (id, custom_field_id, name, value, sort) VALUES (121, 17, 'Mirror', 'mirror', 214);
INSERT INTO custom_field_option (id, custom_field_id, name, value, sort) VALUES (122, 19, 'Dogs', 'dogs', 221);
INSERT INTO custom_field_option (id, custom_field_id, name, value, sort) VALUES (123, 19, 'Cats', 'cats', 222);
INSERT INTO custom_field_option (id, custom_field_id, name, value, sort) VALUES (124, 19, 'Aquarium', 'aquarium', 223);
INSERT INTO custom_field_option (id, custom_field_id, name, value, sort) VALUES (125, 19, 'Other', 'other', 224);
INSERT INTO custom_field_option (id, custom_field_id, name, value, sort) VALUES (126, 20, 'Bicycle', 'bicycle', 225);
INSERT INTO custom_field_option (id, custom_field_id, name, value, sort) VALUES (127, 20, 'Equipment', 'equipment', 226);
INSERT INTO custom_field_option (id, custom_field_id, name, value, sort) VALUES (128, 21, 'T-shirt', 't-shirt', 227);
INSERT INTO custom_field_option (id, custom_field_id, name, value, sort) VALUES (129, 21, 'Sweater', 'sweater', 228);
INSERT INTO custom_field_option (id, custom_field_id, name, value, sort) VALUES (130, 21, 'Trousers', 'trousers', 229);
INSERT INTO custom_field_option (id, custom_field_id, name, value, sort) VALUES (131, 21, 'Jeans', 'jeans', 230);
INSERT INTO custom_field_option (id, custom_field_id, name, value, sort) VALUES (132, 21, 'Shorts', 'shorts', 231);
INSERT INTO custom_field_option (id, custom_field_id, name, value, sort) VALUES (133, 21, 'Tops', 'tops', 232);
INSERT INTO custom_field_option (id, custom_field_id, name, value, sort) VALUES (134, 21, 'Dress', 'dress', 233);
INSERT INTO custom_field_option (id, custom_field_id, name, value, sort) VALUES (135, 22, 'For house', 'for-house', 234);
INSERT INTO custom_field_option (id, custom_field_id, name, value, sort) VALUES (136, 22, 'Sport shoes', 'sport-shoes', 235);
INSERT INTO custom_field_option (id, custom_field_id, name, value, sort) VALUES (137, 22, 'Shoes', 'shoes', 236);
INSERT INTO custom_field_option (id, custom_field_id, name, value, sort) VALUES (138, 22, 'Boots', 'boots', 237);
INSERT INTO custom_field_option (id, custom_field_id, name, value, sort) VALUES (139, 22, 'Sneakers', 'sneakers', 238);
INSERT INTO custom_field_option (id, custom_field_id, name, value, sort) VALUES (140, 22, 'Trekking', 'trekking', 239);
INSERT INTO custom_field_option (id, custom_field_id, name, value, sort) VALUES (141, 22, 'Sandals', 'sandals', 240);
INSERT INTO custom_field_option (id, custom_field_id, name, value, sort) VALUES (142, 22, 'Heels', 'heels', 241);
INSERT INTO custom_field_option (id, custom_field_id, name, value, sort) VALUES (143, 22, 'Other', 'other', 242);
INSERT INTO custom_field_option (id, custom_field_id, name, value, sort) VALUES (144, 23, 'Mixers and Blenders', 'mixers-blenders', 247);
INSERT INTO custom_field_option (id, custom_field_id, name, value, sort) VALUES (145, 23, 'Kettle', 'kettle', 245);
INSERT INTO custom_field_option (id, custom_field_id, name, value, sort) VALUES (146, 23, 'Vacuum cleaner', 'vacuum-cleaner', 249);
INSERT INTO custom_field_option (id, custom_field_id, name, value, sort) VALUES (147, 23, 'Coffee machine', 'coffee-machine', 243);
INSERT INTO custom_field_option (id, custom_field_id, name, value, sort) VALUES (148, 23, 'Juicer', 'juicer', 244);
INSERT INTO custom_field_option (id, custom_field_id, name, value, sort) VALUES (149, 23, 'Toaster', 'toaster', 248);
INSERT INTO custom_field_option (id, custom_field_id, name, value, sort) VALUES (150, 23, 'Microwave', 'microwave', 246);
INSERT INTO custom_field_option (id, custom_field_id, name, value, sort) VALUES (151, 23, 'Other', 'other', 250);
INSERT INTO custom_field_option (id, custom_field_id, name, value, sort) VALUES (152, 24, 'Notebook', 'notebook', 252);
INSERT INTO custom_field_option (id, custom_field_id, name, value, sort) VALUES (153, 24, 'Mac', 'mac', 253);
INSERT INTO custom_field_option (id, custom_field_id, name, value, sort) VALUES (154, 24, 'MacBook', 'macbook', 254);
INSERT INTO custom_field_option (id, custom_field_id, name, value, sort) VALUES (155, 25, 'PS4', 'ps4', 256);
INSERT INTO custom_field_option (id, custom_field_id, name, value, sort) VALUES (156, 25, 'Xbox One', 'xbox-one', 257);
INSERT INTO custom_field_option (id, custom_field_id, name, value, sort) VALUES (157, 25, 'PS3', 'ps3', 258);
INSERT INTO custom_field_option (id, custom_field_id, name, value, sort) VALUES (158, 25, 'Xbox 360', 'xbox-360', 259);
INSERT INTO custom_field_option (id, custom_field_id, name, value, sort) VALUES (159, 25, 'Nintendo Switch', 'nintendo-switch', 260);
INSERT INTO custom_field_option (id, custom_field_id, name, value, sort) VALUES (160, 25, 'Other', 'other', 261);
INSERT INTO custom_field_option (id, custom_field_id, name, value, sort) VALUES (161, 24, 'Other', 'other', 255);
INSERT INTO custom_field_option (id, custom_field_id, name, value, sort) VALUES (162, 24, 'PC', 'pc', 251);
